"","study_hours","attendance_pct","previous_gpa","study_group","major","passed"
"1",12.6612509863729,68.8015745673329,2.8540764357306,"No","STEM",1
"2",15.2044111378336,86.9803806534037,3.02166917790786,"No","Business",1
"3",20.0167596528976,59.4411491742358,2.88491648985642,"Yes","Business",1
"4",25.1261252603315,89.7724056337029,2.91361397019744,"No","STEM",1
"5",16.5320048097906,78.3167906757444,3.17469326104166,"Yes","Social Science",1
"6",17.128887388461,81.972371218726,3.32027130648576,"Yes","STEM",1
"7",18.7444633664747,93.9801430143416,3.78390823456189,"No","STEM",1
"8",17.2322573997373,91.0355786979198,3.86909011207357,"No","Business",1
"9",3.97429099904177,80.9040839131922,2.76532689923956,"Yes","Social Science",1
"10",24.9090683158901,56.0920801619068,3.13519130753237,"No","STEM",1
"11",1.87223765282523,59.9611612176523,3.8649094730174,"Yes","STEM",1
"12",11.3849105403688,75.5065518477932,2.13082688862183,"No","Business",1
"13",10.584654273569,56.2817983236164,2.54081902521449,"Yes","Arts",1
"14",12.3741481504121,94.071233374998,4,"Yes","Business",1
"15",10.262150521806,53.2008774438873,2.77455006257346,"Yes","Business",1
"16",12.4041913594254,83.4971178043634,3.1312083915377,"Yes","Social Science",1
"17",9.39644312399774,51.4035297138616,3.33745930317987,"Yes","Business",1
"18",17.1179748059103,60.3004771564156,3.6222254965896,"Yes","STEM",1
"19",17.3487937303899,71.3543126545846,2.86604369763715,"No","STEM",1
"20",13.9365002905676,52.6398064522073,2.60571170994426,"Yes","Social Science",1
"21",16.5461009894285,59.689626195468,4,"No","Arts",1
"22",12.5907725021264,88.7712210649624,3.11201496275993,"No","STEM",1
"23",22.2722101626547,84.1625194624066,3.46036864547753,"No","Social Science",1
"24",13.5150155510491,41.8825017195195,2.98048207219829,"Yes","Arts",1
"25",17.0551424459568,89.9234481994063,3.02052952990821,"No","STEM",1
"26",21.9672487083166,73.6161355720833,1.6920299895617,"No","Arts",1
"27",25.073967284407,86.4429996721447,3.04300155528662,"Yes","Business",1
"28",15.2094655592159,91.0553464246914,3.20708977999849,"No","STEM",1
"29",21.9277161580588,52.5834621675313,2.85820839217032,"No","Arts",1
"30",18.9307631909372,76.7014727788046,1.82859763981833,"No","STEM",1
"31",17.8490283702058,69.3446911452338,2.86478291405168,"No","Social Science",1
"32",15.4507421799345,93.5660055140033,2.63630654826059,"No","Social Science",1
"33",13.2392281850959,53.6346094030887,3.51195370315474,"No","STEM",1
"34",18.4138509661538,79.8331792047247,3.36733758669615,"No","STEM",1
"35",7.50795283133725,61.8149363668635,2.54863601989444,"No","STEM",1
"36",16.8895731430776,48.2773963734508,2.78981663707587,"No","Social Science",1
"37",19.8076610482565,92.0442448416725,2.93930983256252,"Yes","STEM",1
"38",20.4729423660847,58.9460949599743,4,"No","STEM",1
"39",19.835207162355,94.0461349394172,2.82857104594002,"Yes","STEM",1
"40",13.0562283508164,97.2629341110587,3.77846477356757,"No","Business",1
"41",17.9320524491697,60.8312202291563,3.07775218753191,"No","Business",1
"42",16.8383948674157,88.1811150349677,2.21182122889175,"No","STEM",1
"43",12.6477346247639,50.2343927882612,3.46037010046392,"No","Business",1
"44",14.4446227886112,87.6728057488799,1.85263895173348,"No","STEM",1
"45",20.0171315347927,95.0692591955885,2.04953524684626,"No","Social Science",1
"46",11.2007310457525,83.9597813272849,2.38190800081967,"No","STEM",1
"47",19.1363592172574,43.5026821680367,3.44474079753552,"Yes","Social Science",1
"48",7.2796466309674,85.2209400665015,3.68673856374383,"No","STEM",1
"49",16.2697147743254,69.8100385814905,3.19421790017291,"Yes","Business",1
"50",17.6649769033268,80.7404070254415,3.18119968464404,"No","Arts",1
"51",12.8266133597972,57.5004673097283,3.08943732128382,"No","STEM",1
"52",0.0271510566028947,97.9562542680651,4,"No","Social Science",1
"53",19.9166043790761,79.7101430781186,3.54256764694663,"Yes","Business",1
"54",15.1665748063379,98.7053590081632,2.91153341768645,"No","STEM",1
"55",7.73598068255891,72.5923353852704,2.66698376363575,"No","Arts",1
"56",16.1201884304297,57.1468369103968,2.38159505449643,"Yes","Social Science",1
"57",14.3406382892245,84.1170568298548,3.89303575416259,"Yes","Social Science",1
"58",12.3692468896753,44.9397992389277,2.41015426942796,"Yes","Arts",1
"59",8.2299131454383,60.0672677019611,2.8144345178618,"Yes","Arts",1
"60",12.9780257619514,53.2382481032982,3.3834823482225,"Yes","Social Science",1
"61",13.4140912354099,62.2434325981885,3.61164870818846,"No","STEM",1
"62",14.4672509701453,63.5921633522958,3.86131548445498,"Yes","Social Science",1
"63",18.4664373764981,70.4588031535968,2.57010241441054,"Yes","STEM",1
"64",5.1091811029025,63.8935941644013,2.26144748525556,"No","Social Science",1
"65",12.1655172790165,57.4381852708757,1.5,"Yes","Arts",1
"66",14.2646083146876,87.8106608847156,2.66556576116242,"Yes","STEM",1
"67",9.66020397996319,76.340695368126,3.01382915257706,"No","Social Science",1
"68",21.018956167881,97.8289593942463,2.82001899250568,"Yes","Arts",1
"69",18.6122871701924,60.0825041858479,3.02036883884743,"Yes","STEM",1
"70",17.0304682266253,41.2616693088785,3.03256042026646,"No","Arts",1
"71",18.453338814361,94.6632841462269,3.00518379283295,"No","Business",1
"72",18.5748792727474,81.276546032168,2.35984168167905,"Yes","STEM",1
"73",14.4196847034243,58.2676669582725,1.51586472358189,"No","Business",1
"74",12.4874963158104,49.2711379658431,1.61592525094226,"No","Social Science",1
"75",15.5456471954888,70.274137086235,1.88053952860458,"Yes","Arts",1
"76",9.20551520038735,85.3813331900164,3.55071393651922,"Yes","STEM",1
"77",16.7598932855369,98.08698695153,2.72804950144945,"Yes","Business",1
"78",12.111668397843,60.5166180245578,3.19065802420701,"No","Arts",1
"79",16.2067498868025,44.9993262439966,3.01118324653325,"No","Social Science",1
"80",14.4186059373991,88.2294793706387,3.37433077308372,"No","Business",1
"81",17.238375710793,62.5198156572878,2.89587245066524,"Yes","Arts",1
"82",16.6862938886523,58.6582081578672,3.83233531469141,"No","Social Science",1
"83",22.4735389099086,54.098060769029,2.82886269345328,"No","Social Science",1
"84",19.086510583173,71.750895306468,3.51818260602932,"No","Arts",1
"85",6.92624124714466,73.1290656374767,2.87656234725851,"Yes","STEM",1
"86",14.6290954459065,59.9069770751521,3.18770851114638,"No","STEM",1
"87",9.85927672355551,43.6977036576718,3.15072817589414,"Yes","STEM",1
"88",24.0360705162623,91.7551541049033,3.71624418344067,"No","STEM",1
"89",11.9445952045291,49.1012217430398,2.4101944615848,"Yes","Social Science",1
"90",16.8594103693694,48.0716939782724,2.29715480382937,"No","Social Science",1
"91",15.6765563050932,49.1789122624323,3.29425662639973,"No","Social Science",1
"92",15.1039980161082,53.8051778497174,4,"Yes","Business",1
"93",17.1074981687002,53.6162234051153,2.43331633035589,"Yes","Business",1
"94",9.15213205430339,88.036571322009,2.8422769316882,"Yes","Business",1
"95",12.6876129812118,94.7293403604999,2.77751863333853,"Yes","STEM",1
"96",9.44649759826443,64.197685783729,2.77586113022021,"No","Social Science",1
"97",15.5005778990823,59.86217928119,3.88906581101083,"No","STEM",1
"98",18.6901579357292,69.1702059470117,3.00930961321273,"Yes","Business",1
"99",21.7025993031542,95.3372028656304,4,"No","Social Science",1
"100",10.7392721107566,50.9173360653222,2.51383403309455,"Yes","Social Science",1
"101",17.6923201911746,98.0545718269423,2.63861767430736,"No","Business",1
"102",20.1320571821937,73.5696841124445,2.9472153763537,"No","STEM",1
"103",16.1135327829369,81.150741558522,1.83387763111328,"Yes","STEM",1
"104",15.0723359697015,57.3374998243526,3.13903084367458,"No","Business",1
"105",15.7235639792167,97.3661248665303,3.36871229426634,"No","STEM",1
"106",8.62434151033575,93.7930373102427,2.92578427149195,"No","STEM",1
"107",6.81440408684606,92.5552088022232,3.40038907132313,"No","Business",1
"108",11.3917607455701,43.4472592081875,3.34742396971292,"Yes","STEM",1
"109",11.9084193426115,75.3317925753072,2.68002029428516,"Yes","STEM",1
"110",20.1379726137321,93.3886799542233,3.63461308325659,"Yes","Arts",1
"111",12.9406094730755,46.3011568272486,2.42683600431608,"No","Social Science",1
"112",11.6216474045439,77.1175615582615,2.67835513311733,"No","Arts",1
"113",15.2195549774999,86.9593460019678,3.60804180268164,"Yes","STEM",1
"114",17.3820389802169,82.7536793425679,2.54684998318937,"No","STEM",1
"115",19.4385317056252,73.8980573927984,3.32828130503552,"Yes","STEM",1
"116",16.108694300147,99.4526472501457,2.08038581003228,"No","Arts",1
"117",8.87058288229752,92.8258447814733,2.9993392539609,"No","Arts",1
"118",16.5591200634454,80.2037836285308,2.61419626372767,"No","STEM",1
"119",19.4146463780774,65.6806378951296,2.34267761509305,"No","Business",1
"120",10.9984356911638,76.2097267759964,3.90741535170038,"No","Social Science",1
"121",20.5537749226647,76.2941049644724,4,"Yes","Arts",1
"122",17.491029549077,54.9077640427276,2.84203298209095,"No","Business",1
"123",20.6451812294247,86.2663129949942,2.6963720756875,"No","Social Science",1
"124",11.1247307251023,71.4675260987133,3.04106157219219,"No","Social Science",1
"125",19.5276359693385,74.4271509628743,3.92408994284359,"Yes","Arts",1
"126",15.2909708929114,47.1411415422335,3.39110677599829,"No","Business",1
"127",14.1049058717109,53.3845895668492,2.26857807426209,"No","Business",1
"128",9.55494978183003,92.01441754587,1.9601362930739,"Yes","Arts",1
"129",17.1271169231367,82.361369477585,2.61161267104527,"No","STEM",1
"130",11.9841274776755,86.6878449823707,1.92311031539155,"Yes","Business",1
"131",14.8042397582077,81.43373219762,3.63451925768885,"No","STEM",1
"132",14.1998045439911,74.2560655623674,2.53840207149689,"Yes","Social Science",1
"133",12.6840747502793,85.2802305202931,3.65230271813108,"Yes","Business",1
"134",7.89596972978425,85.4903093026951,2.55109892688423,"No","STEM",1
"135",15.7533672515359,73.214218984358,2.48903521862672,"Yes","Social Science",1
"136",15.9614281591241,66.6846373863518,4,"No","STEM",1
"137",17.5899910761282,89.0910890605301,3.91197652471268,"No","STEM",1
"138",17.5310460084656,84.2655424680561,3.4401714788684,"No","Arts",1
"139",13.9006677265926,72.5789127871394,3.36651230383607,"No","Arts",1
"140",14.142167042707,81.8499862542376,2.51349049866892,"No","STEM",1
"141",8.55170885352605,82.8508051345125,3.07038831423527,"No","Arts",1
"142",19.7367180980474,46.0109384171665,2.64706011402292,"No","STEM",1
"143",23.9002738961143,52.3890343261883,2.77946594729942,"No","STEM",1
"144",18.1455091075594,71.6558233741671,1.89699956646056,"No","Social Science",1
"145",13.1204469058387,66.5112816076726,3.6046821400228,"No","Arts",1
"146",10.9931110124277,95.5223899101838,4,"No","Business",1
"147",17.6039400564392,93.4649741183966,3.75255840413642,"No","Arts",1
"148",17.3614079081979,48.2551384111866,3.1481195732722,"No","STEM",1
"149",12.1862234504343,46.2315223645419,3.7853825205654,"Yes","Social Science",1
"150",11.8625195933766,85.4966976260766,3.23975868386265,"Yes","Business",1
"151",24.7611257997101,59.2557065235451,2.53040251719754,"Yes","Social Science",1
"152",25.6376688328111,44.8123425384983,3.78073934222882,"No","Business",1
"153",10.1589068605358,87.0333847217262,3.66571105349066,"No","Social Science",1
"154",17.4022696402431,44.1239491803572,2.90150010221136,"No","Arts",1
"155",14.0002252946193,55.0616288930178,3.11895881365385,"Yes","Social Science",1
"156",10.8173782700593,68.5056952992454,2.93044427163171,"No","Social Science",1
"157",13.1531053699865,85.4860158683732,3.72783969952969,"Yes","STEM",1
"158",24.3096002205984,70.5455816816539,2.9629650738566,"Yes","Social Science",1
"159",11.949208119003,64.0236345026642,3.6770830797918,"Yes","Arts",1
"160",12.9694044213309,81.8158175516874,3.00924636099094,"No","Arts",1
"161",12.7396960030492,94.9785192264244,4,"No","Business",1
"162",16.8699423649437,78.1299210060388,2.43996842829614,"No","Social Science",1
"163",19.862232823593,57.5799143826589,2.17795868688035,"No","Arts",1
"164",12.0690618645086,67.5453707203269,2.31325371964432,"Yes","Arts",1
"165",19.2684454863038,54.6977025968954,3.05727389937555,"No","Business",1
"166",11.9869360248861,83.7999408086762,3.64373838435043,"No","Social Science",1
"167",4.02882129456084,65.7779059698805,3.31760630249074,"Yes","STEM",1
"168",8.4073885412857,96.8466861592606,4,"No","Social Science",1
"169",10.0755878983478,54.3201970448717,3.1642472054495,"No","Social Science",1
"170",16.3679206996114,70.0630291039124,2.82836825664824,"No","Business",1
"171",16.8234580555519,99.5144151011482,3.25708742500216,"No","STEM",1
"172",20.1273612419103,98.0963701289147,2.31959888770972,"No","Arts",1
"173",20.9927364864147,43.7787513388321,2.34380777062996,"Yes","Arts",1
"174",11.4535872452198,55.9760055411607,3.91583659165055,"Yes","Arts",1
"175",14.9927943642208,92.024427158758,3.26545233380727,"Yes","STEM",1
"176",13.9932599413622,56.4363195048645,3.95487088318486,"No","STEM",1
"177",21.4840558605563,69.4159701094031,3.83993732439054,"No","STEM",1
"178",22.6004693056304,87.6178927579895,3.89257435825736,"No","Arts",1
"179",25.3551560726056,82.3438668902963,3.06228395041564,"No","Arts",1
"180",17.3643851082992,79.1081562172621,1.91407417702906,"Yes","Arts",1
"181",18.0810584764467,48.2532340986654,3.09849398495609,"Yes","STEM",1
"182",18.2108280738971,47.7749611949548,3.05868689791052,"Yes","Arts",1
"183",14.3861349988581,45.1423273095861,2.71447590005065,"Yes","Arts",1
"184",23.1390152855417,79.2261350946501,4,"Yes","Social Science",1
"185",16.6847426902261,51.3701491756365,2.41715143999325,"No","Arts",1
"186",15.1477984283343,86.5011012367904,3.13584659662619,"Yes","STEM",1
"187",8.55440661249183,59.4007296813652,3.33307054877741,"No","Social Science",1
"188",12.3837290195946,99.5826243888587,1.95928944700148,"No","Social Science",1
"189",11.9436971490769,81.9210076006129,3.99856231283865,"Yes","Business",1
"190",21.7961776627351,55.1078626187518,2.35453404487161,"Yes","Social Science",1
"191",16.3416672252916,66.543239960447,1.5,"Yes","Social Science",1
"192",22.19137219426,64.3287855945528,3.2248817196414,"No","Arts",1
"193",19.927625696495,69.9745728820562,2.6450929798808,"Yes","Arts",1
"194",16.9583273721024,61.2398375757039,3.36980920297066,"Yes","Business",1
"195",18.0768579106212,44.1056995838881,2.61496364481897,"Yes","Business",1
"196",16.7128198327601,61.3191813556477,2.37568328626218,"Yes","Arts",1
"197",9.68726965581675,45.9081737417728,3.22959824966741,"No","Business",1
"198",6.7193154990642,40.7398018473759,2.8100584768588,"No","Arts",1
"199",13.2860191554698,47.6399243902415,3.49243851721,"No","Arts",1
"200",7.88298745479528,56.7033851286396,2.53791645481191,"Yes","Arts",1
"201",7.77536694253223,42.0841404562816,2.36588266183672,"No","Business",1
"202",7.10783737062681,94.9716941360384,3.1675952312364,"No","STEM",1
"203",7.22578538127995,72.2513198200613,2.26633867809402,"Yes","Social Science",1
"204",13.170901138471,62.5491193216294,1.65759563905748,"No","Arts",1
"205",15.8013320413334,76.852171854116,3.53206430076485,"Yes","Business",1
"206",17.8211851211827,80.6350187724456,3.00014747727806,"No","STEM",1
"207",21.5748570410909,46.1626356653869,2.56529288549965,"Yes","Social Science",1
"208",17.587260287775,53.9818637864664,3.51383967734811,"No","Arts",1
"209",21.3343881919994,79.6825328515843,3.28156004196653,"No","Social Science",1
"210",14.4325480199727,59.805175117217,3.81418565608763,"No","Business",1
"211",17.2761961402256,99.7551766224205,3.1257573687116,"No","STEM",1
"212",3.85136078877134,82.6443320931867,1.87669594367203,"No","Social Science",0
"213",10.7445666432336,45.0731788016856,2.41381241612903,"Yes","Business",1
"214",20.954869575908,91.8943121656775,3.0759627219613,"Yes","Social Science",1
"215",7.09720576037518,83.5961820790544,2.6376717063568,"No","Social Science",1
"216",23.6100144732333,96.5073884092271,3.17677326072205,"No","Social Science",1
"217",8.90648080401126,71.0524729592726,2.2433754615428,"No","Business",1
"218",18.5466495053148,52.5814827531576,2.52460094884761,"No","Arts",1
"219",13.1070773036375,71.0262481635436,2.58379458736984,"No","Arts",1
"220",14.0931463765397,73.2740800222382,2.92538849603814,"Yes","STEM",1
"221",17.9061038735045,80.8475855132565,1.81178527451751,"No","Social Science",1
"222",16.4464343868645,44.0856014564633,3.37734667353394,"No","Arts",1
"223",4.47093536035369,58.11003243085,2.77200468447833,"Yes","Social Science",1
"224",17.8933671337962,86.1396124679595,2.67374468564769,"No","Business",1
"225",14.0653118392313,48.946864749305,4,"No","STEM",1
"226",9.2282271117557,92.976310714148,2.19423338937966,"Yes","STEM",1
"227",17.5028722241813,42.6480260351673,3.32897258990707,"No","STEM",1
"228",0,81.2392526958138,2.74825579207808,"Yes","STEM",1
"229",17.6546576997928,43.6121299723163,2.57426283966021,"No","Arts",1
"230",17.7361867709178,81.1850311700255,3.32144705372312,"Yes","STEM",1
"231",13.7298046576286,87.4957399442792,2.94741434763682,"No","Business",1
"232",19.6127907826377,51.0185513598844,2.08343578926693,"No","STEM",1
"233",13.3603788626562,49.9672684911638,1.89382266700483,"No","Business",1
"234",4.24482185191647,83.3111782185733,2.45662784233025,"Yes","Social Science",1
"235",20.66488562853,71.3929050602019,3.12247123672625,"Yes","STEM",1
"236",13.6964481486092,51.036498984322,2.90129640522495,"Yes","STEM",1
"237",20.3738556303549,74.5010279398412,3.34790976618618,"No","Business",1
"238",19.1977701981445,82.2707550553605,3.8699649606599,"Yes","Arts",1
"239",17.1827634416864,56.3079628534615,3.73985191209702,"No","Arts",1
"240",3.27495404046552,78.7953646155074,4,"No","Business",1
"241",13.8249968136843,67.3594909254462,2.84049629399536,"Yes","Business",1
"242",10.2296059915445,79.3361502978951,1.89986985480219,"No","Business",1
"243",24.7286547860508,57.5028881151229,2.39379224049353,"No","Business",1
"244",16.924409109374,42.4792220070958,2.75731181346561,"No","Arts",1
"245",14.9673079116701,89.8066012980416,2.22964883769908,"No","Social Science",1
"246",13.0886532862009,60.6407239893451,3.60370880523942,"Yes","Business",1
"247",22.3948522862593,89.5926668820903,3.23662042399148,"Yes","Social Science",1
"248",15.8082962007382,66.7644364293665,1.94667360438678,"No","STEM",1
"249",4.61586184003817,48.2951551815495,3.08122457737116,"Yes","Social Science",1
"250",12.3502078335319,96.6351300105453,1.99561822724268,"No","Social Science",1
"251",20.3559609788772,68.1382630765438,3.74729361436589,"No","Arts",1
"252",10.9454331777939,48.5791046824306,2.81301855926646,"Yes","Business",1
"253",23.5711856112248,59.42278675735,2.49958351833977,"No","Social Science",1
"254",17.3647660372554,61.8187964288518,2.49717545050779,"No","Arts",1
"255",18.5541432760533,87.9499708395451,3.088997606351,"Yes","Business",1
"256",18.6449661183657,76.9212623173371,2.96964591277028,"No","Arts",1
"257",16.61147567312,46.4902784209698,3.53789907588873,"No","Social Science",1
"258",18.9185738455364,91.4230895461515,3.26974769417687,"No","Business",1
"259",11.9516626661473,46.9847386796027,2.72455735789147,"No","Arts",1
"260",28.2022037857026,78.0711094243452,3.55740736246551,"No","Arts",1
"261",10.3386281726261,53.3580812811852,3.21864796551571,"No","Social Science",1
"262",14.8515747167313,67.9108338383958,3.32749271591933,"No","STEM",1
"263",11.3285741508441,99.6449296036735,3.44449928030595,"No","STEM",1
"264",14.7007797359995,97.6870576152578,2.75827879138247,"Yes","Arts",1
"265",19.540822553964,57.0858312677592,3.25788863717022,"Yes","Business",1
"266",21.6696984072846,85.6369192106649,2.67778052776698,"No","STEM",1
"267",19.6776411198575,61.5444055944681,2.85236847439681,"No","Business",1
"268",26.617847401116,89.8080370342359,2.85941452137416,"No","Social Science",1
"269",13.4179236410912,76.5097129670903,2.30448455384857,"No","Business",1
"270",11.3253397020161,86.9734231149778,3.80906370273997,"No","Arts",1
"271",18.6617209906846,53.9606910571456,3.67234807552028,"No","Arts",1
"272",15.0230377779844,86.4209372457117,2.94076776668833,"Yes","Business",1
"273",11.2450014049692,43.7563186697662,2.89982506786148,"Yes","STEM",1
"274",20.9930218036995,76.5044253971428,3.16469359538443,"Yes","STEM",1
"275",16.7332038487699,46.7019750364125,3.44775524509323,"No","Business",1
"276",17.9524675953942,78.4507937543094,2.25377491200252,"No","Social Science",1
"277",19.9700643834643,77.0258728554472,2.37451027779305,"No","Social Science",1
"278",17.8681190685906,53.2286542188376,2.55514484612121,"Yes","Social Science",1
"279",7.273075193531,58.6626920709386,3.39315736592832,"Yes","Business",1
"280",18.085973079654,91.1710422532633,1.70785069649915,"No","Business",1
"281",19.6869188721507,44.3090405035764,2.69176737039043,"No","Business",1
"282",21.1126004175854,54.3039450235665,3.23798382210692,"Yes","Social Science",1
"283",6.65095166119,87.6354099716991,3.79769675995951,"No","Arts",1
"284",13.4593978812349,67.8115176036954,3.74737605171274,"No","Business",1
"285",8.47168965913812,88.5127250570804,4,"No","Business",1
"286",4.3537655658131,41.5704768244177,2.06226214904342,"No","Arts",0
"287",12.9668084665912,98.9003292564303,3.60565004762901,"No","Business",1
"288",13.0551843034784,47.5445771683007,3.55398653440916,"No","Business",1
"289",15.1542558547877,85.2059882879257,3.35052976709588,"No","Social Science",1
"290",9.1179245933919,84.0860258229077,2.89599748772914,"No","Social Science",1
"291",11.5915244850735,48.4900474501774,3.14825202152818,"Yes","Social Science",1
"292",16.8436256503593,85.0924804015085,3.19994197704026,"No","Social Science",1
"293",12.7530721197797,68.9946971507743,3.24858976619936,"Yes","Business",1
"294",19.6156118025332,80.4686544230208,2.24861833820335,"Yes","Arts",1
"295",13.3537162789478,40.0957709690556,3.07331397068887,"Yes","Business",1
"296",14.4290421320764,80.7163907214999,2.83667722282283,"Yes","Arts",1
"297",12.3793771985521,55.4533384460956,3.2649350697934,"No","STEM",1
"298",20.3463149372214,91.0977361397818,3.75592676500277,"No","Arts",1
"299",17.3129079993672,56.9965844089165,2.80047038029676,"Yes","Arts",1
"300",18.0673908713182,98.8789134379476,2.09968919670221,"Yes","STEM",1
"301",14.4729400343712,91.9402435841039,2.00067075445382,"Yes","Arts",1
"302",15.4521874285798,90.1133972406387,1.98981649262599,"No","Arts",1
"303",20.4061879888557,54.3907961249352,2.65566855161603,"No","STEM",1
"304",19.5052088189774,60.7904001371935,3.13636616451347,"No","STEM",1
"305",19.9177434667262,82.615894684568,2.0907652756206,"No","Business",1
"306",22.3047583236679,52.5445392774418,3.47299539107492,"Yes","Business",1
"307",13.1822570850026,97.428920310922,2.27200828116219,"No","Business",1
"308",7.72675035108458,66.0012004850432,3.65744062420858,"No","Arts",1
"309",17.3214598558322,74.5039808703586,2.9966744056876,"No","Arts",1
"310",16.9791067058954,40.9062941325828,2.41896613316071,"No","STEM",1
"311",15.8138755976224,69.5844455668703,2.76717617442816,"Yes","STEM",1
"312",13.984140016581,66.4018317079172,3.00838809242269,"Yes","Arts",1
"313",21.5945866083559,87.1803224179894,2.75239498752824,"Yes","Social Science",1
"314",20.0708925839897,89.4486297294497,2.49562014765632,"Yes","STEM",1
"315",11.6349050527862,51.1302194744349,3.06415904693517,"No","STEM",1
"316",6.52377729163067,93.6130735464394,3.83246147584341,"No","Social Science",1
"317",9.89192381699822,64.3802011944354,3.75018359998964,"Yes","Social Science",1
"318",16.4171145588233,47.4451825488359,4,"No","STEM",1
"319",7.5582666716988,89.2126582702622,3.49986182206233,"No","Social Science",1
"320",18.0280015979142,51.9239252153784,3.10945408724616,"Yes","STEM",1
"321",17.2914223509722,84.8936914559454,2.65253771098029,"No","STEM",1
"322",11.9368097226974,70.5739952996373,3.2653569196432,"Yes","Social Science",1
"323",13.2754806976537,98.6228134809062,4,"No","Social Science",1
"324",24.0954762710198,68.230937239714,2.48698116027272,"No","Social Science",1
"325",13.2337216014693,71.0668860608712,3.01803416975817,"Yes","Business",1
"326",9.11008297346594,91.027579344809,3.97340186086071,"No","Social Science",1
"327",12.0041587279857,84.1810728190467,3.94980266399707,"No","STEM",1
"328",12.3884451289095,83.5558745963499,3.09648249357663,"No","Arts",1
"329",13.73049648271,48.5500364517793,2.99726832873474,"No","Business",1
"330",16.016802180862,93.8544980762526,3.18327208542382,"No","Business",1
"331",7.39915339774971,60.0289400946349,4,"No","Social Science",1
"332",17.4776806310107,86.821115706116,3.23548906395364,"No","Arts",1
"333",16.6218505970309,76.4308465085924,3.04348103595483,"No","Business",1
"334",14.7356226167381,65.659662601538,3.24271786297413,"No","Social Science",1
"335",22.0509426458772,49.9920648010448,3.31054377363596,"Yes","Business",1
"336",20.3586555376629,90.3362572938204,2.90790501176802,"Yes","Business",1
"337",10.4516031585102,88.1492568179965,3.36473779358267,"No","Social Science",1
"338",18.8430651065289,50.9472288377583,3.29056524119365,"No","Social Science",1
"339",22.1963910962796,70.539124221541,3.28342549537655,"No","STEM",1
"340",17.2481484425399,80.0722839171067,2.62506519309668,"No","Social Science",1
"341",19.6774485713494,64.0861211018637,3.595603563595,"No","Social Science",1
"342",12.8079120454969,63.7069858564064,2.92233332826086,"Yes","STEM",1
"343",25.1459239739098,44.6815481362864,3.03100247837181,"No","Arts",1
"344",16.7978416330714,66.8209669459611,3.56824625780087,"No","Social Science",1
"345",15.8751268231716,82.703639017418,3.0225128444222,"Yes","STEM",1
"346",13.9648821247493,46.9018273800611,3.35374708082152,"No","Arts",1
"347",16.5028822746227,75.8837128337473,3.97546274637515,"No","Social Science",1
"348",14.4376011232195,99.2845250759274,2.83270341463757,"No","STEM",1
"349",1.83091510201951,92.6768021099269,3.987225144613,"No","STEM",1
"350",21.2446543691932,72.4961092928424,2.74059592677227,"No","Social Science",1
"351",21.0715165629584,69.6447236463428,3.12630297125965,"No","Social Science",1
"352",11.4842353885622,94.9888524087146,3.60624539545896,"Yes","Business",1
"353",16.4016601325529,41.2337462138385,3.52402452780931,"No","STEM",1
"354",21.2497505655603,76.007063742727,3.42146697350926,"No","Arts",1
"355",12.2007432132009,98.8249384937808,3.08067127908075,"No","STEM",1
"356",15.0049003388891,85.3156668040901,2.24044787962549,"No","Arts",1
"357",22.7540510805664,72.2379358066246,3.90491809153566,"No","STEM",1
"358",9.16734582199567,99.6322891488671,3.57166269736313,"No","STEM",1
"359",8.48791605016338,48.492705184035,2.57559946721676,"Yes","STEM",1
"360",22.507003911735,73.9176256582141,2.3274387468816,"Yes","Social Science",1
"361",16.3091070719204,66.2983618071303,2.98994137935062,"Yes","Business",1
"362",10.2790930903556,56.7886603763327,2.81624995982301,"No","Arts",0
"363",17.1767035014297,85.42998210527,3.78093535633816,"No","STEM",1
"364",18.4974946154631,47.9531140485778,3.53059243539904,"No","Social Science",1
"365",18.7957824710606,77.4949191417545,3.46911991813917,"Yes","Arts",1
"366",18.2743122563423,89.038792969659,4,"No","Business",1
"367",14.6427911674118,58.7182681821287,3.16665808763942,"No","Social Science",1
"368",15.9687501836056,62.7627652743831,3.03039912999181,"Yes","STEM",1
"369",19.8208043371997,58.1202992144972,2.726563269382,"Yes","Arts",1
"370",11.9780217099179,50.5080054048449,2.76654093292596,"Yes","STEM",1
"371",18.3121849301481,45.4954526154324,2.75413247485968,"No","Business",1
"372",10.519650791745,82.3400075547397,2.44106330398416,"No","Social Science",1
"373",18.9280873985522,99.5700665237382,3.87035048056538,"No","Business",1
"374",23.7086482972144,98.2733987178653,2.72410395433345,"Yes","Business",1
"375",20.982399405589,65.4546164534986,3.70430540636249,"No","Business",1
"376",13.2275287248947,51.0100671835244,2.11628630400719,"No","STEM",1
"377",19.8710252137237,48.6815633624792,3.75976598840269,"Yes","Social Science",1
"378",10.8045261610655,57.9142892034724,2.68492723246519,"No","Business",1
"379",2.37666653040633,58.5225254297256,2.06502610843606,"No","STEM",1
"380",13.4509551371822,94.0204953681678,4,"No","Arts",1
"381",13.2762106638845,68.9704515179619,2.83806304847531,"Yes","Business",1
"382",6.59919346265694,99.841706585139,4,"Yes","Social Science",1
"383",15.2755773372267,62.3146883584559,2.92747225716195,"No","Business",1
"384",13.0930791692636,61.7167388787493,3.86346912821237,"Yes","Business",1
"385",11.4262888907,90.3317711455747,2.91067195257802,"Yes","STEM",1
"386",11.0839572771632,72.6684647193179,2.19931420991465,"No","Social Science",1
"387",12.6452054257008,90.6479012174532,2.67546062713778,"Yes","Arts",1
"388",15.4898429640049,68.2414898602292,2.8955941081985,"No","Social Science",1
"389",24.1958822942275,48.7169254664332,2.87288993405446,"No","STEM",1
"390",23.4000185107486,91.348063996993,1.5,"No","Arts",1
"391",14.3939459688822,61.3598068058491,2.99134391993184,"No","STEM",1
"392",9.75180688346905,92.396351788193,2.49904751490038,"Yes","Business",1
"393",24.4172758469607,71.0106941312551,2.90022586052268,"No","STEM",1
"394",13.9998370667119,63.3792525483295,2.8577503332541,"No","Business",1
"395",15.1454644081763,83.6278452072293,3.26019310518932,"Yes","Social Science",1
"396",14.6258198764185,49.344884660095,2.9396036912294,"No","Social Science",1
"397",14.2567452475982,63.3337631775066,3.4256549816183,"No","STEM",1
"398",11.0907945830891,61.0317994654179,3.03218651748442,"No","STEM",1
"399",13.7546849308199,80.4969586012885,3.16042439083513,"No","Arts",1
"400",18.3919093718651,57.5492040533572,4,"Yes","Social Science",1
"401",22.640081061576,57.2628136724234,3.44924538621506,"Yes","Business",1
"402",13.3650667416155,92.3194946395233,3.21353987303037,"No","Social Science",1
"403",18.602668627834,57.6358374906704,2.51003437087251,"Yes","Arts",1
"404",12.3203374961721,56.6509168315679,3.96266801495229,"No","Social Science",1
"405",18.3500840311127,62.1399576263502,3.13856570896872,"No","Arts",1
"406",14.7491405793707,70.245574968867,2.60203979054706,"No","Business",1
"407",9.404898387446,51.0601117555052,3.13443055838177,"Yes","Arts",1
"408",16.5936271289718,42.249943302013,2.45282830568136,"No","STEM",1
"409",20.061103013076,90.0508533231914,2.97692153628597,"No","STEM",1
"410",14.2977510265001,61.4154133014381,3.08479466257503,"No","Arts",1
"411",4.78046784872005,89.772848659195,2.02662094453655,"No","Arts",1
"412",11.444060440322,49.6686677169055,3.05346480272982,"No","Social Science",1
"413",23.3507256530275,97.8490694938228,3.26604833244956,"Yes","STEM",1
"414",5.12173835118807,92.8070020396262,3.00563754776657,"No","Business",1
"415",12.259783185509,69.5904408348724,2.61292324979079,"Yes","Social Science",1
"416",11.0084547643024,60.4305769642815,3.507023937933,"Yes","Arts",1
"417",14.1273256918566,41.1658637225628,3.46607037850718,"No","Arts",1
"418",8.76450461297453,86.2890418805182,3.29578113874574,"No","STEM",1
"419",10.5744833779919,69.4625549949706,2.84868380407226,"No","Arts",1
"420",10.6582618974679,53.6267176037654,3.76741532823905,"No","Business",1
"421",13.0716408076783,57.4087207298726,3.39824278907195,"Yes","Social Science",1
"422",11.5263758869134,82.8521224204451,3.21254554907219,"No","Business",1
"423",15.585677858419,92.495858152397,2.99595250946812,"No","Arts",1
"424",12.3727052043597,59.7034480096772,1.83836727173479,"Yes","Business",0
"425",17.1163930975978,43.1571204401553,3.7002364387302,"No","Social Science",1
"426",26.8782563748222,65.6872828584164,3.13624123035877,"No","Business",1
"427",14.2614233090222,41.0242786258459,3.60302149557739,"No","STEM",1
"428",16.2957908407027,41.945566656068,2.44256546936695,"No","Social Science",1
"429",7.80351144456078,72.0908226631582,2.98555664507622,"Yes","STEM",1
"430",12.78567008331,88.6605389276519,2.65530120862476,"Yes","STEM",1
"431",22.0407576051149,63.1286534667015,2.47789543099493,"No","Business",1
"432",11.590482559192,52.2801204491407,2.47762429787003,"Yes","Social Science",1
"433",11.5560846151721,89.7860387712717,1.63653615916143,"Yes","Arts",1
"434",11.4846888910995,44.1559946071357,3.25429717037001,"Yes","Social Science",1
"435",8.92264559794161,53.6955627147108,2.25575715495802,"Yes","Arts",1
"436",8.32395136890742,98.44574208837,3.21701804276941,"Yes","Arts",1
"437",16.258141977382,63.7046711938456,3.59981140798913,"No","Arts",1
"438",18.9775783212715,77.1615911787376,3.02501554514822,"Yes","Social Science",1
"439",16.1876998395774,50.2462967811152,3.14011214866169,"No","STEM",1
"440",14.2236096264627,90.7690408127382,2.82177565190653,"No","Arts",1
"441",13.4766078701789,90.2743916818872,2.09186807398319,"No","Business",1
"442",16.5066046296251,79.6949937101454,3.23783520601036,"Yes","Business",1
"443",12.9994473510033,78.0996949691325,3.60784449759055,"Yes","STEM",1
"444",12.2371917758591,42.8355429694057,3.54519056539672,"Yes","Arts",1
"445",9.77164001273204,48.834740659222,2.43010966593097,"No","STEM",1
"446",9.60463639584606,48.7196240900084,2.44335014057294,"Yes","Arts",1
"447",14.4308796898522,92.0496367802843,2.1645322891836,"Yes","Social Science",1
"448",5.85020112286649,43.2880876772106,3.1733992349201,"No","STEM",0
"449",25.3700778398595,49.2502278136089,4,"No","Social Science",1
"450",7.85510813145927,89.3939132103696,3.84456636549207,"No","Social Science",1
"451",13.2429271223619,89.935588282533,3.72800459014785,"No","Arts",1
"452",16.7192366248095,52.4607119895518,3.1139797616804,"Yes","Business",1
"453",14.8577820322516,88.8661075755954,2.92646864714797,"Yes","Business",1
"454",14.1647671175026,90.9090740419924,2.90987781003276,"Yes","Social Science",1
"455",16.225646155782,54.8753603175282,3.0607102949085,"Yes","STEM",1
"456",18.0180694940476,71.9140565954149,2.97051168254942,"No","Arts",1
"457",21.9412076677828,48.3004766702652,2.44893700300715,"No","Arts",1
"458",14.8342127456742,70.2897135680541,2.40533471016102,"Yes","Business",1
"459",15.5824886275092,65.7121583493426,3.22301850748453,"No","Arts",1
"460",16.0801661478709,73.3331923745573,2.29398039925852,"No","STEM",1
"461",18.1733744965471,89.2307798191905,3.28180682650816,"No","Arts",1
"462",24.7572221697703,46.331253265962,2.56075386680436,"Yes","Social Science",1
"463",21.4074727453946,80.7277888525277,2.73575529454578,"No","Arts",1
"464",19.3271270036852,41.9495515245944,3.48992803362276,"No","Business",1
"465",16.4840296284485,84.65247919783,2.7924006178104,"No","Social Science",1
"466",20.5537032024153,59.8167964583263,3.72572162725081,"No","Arts",1
"467",11.9414031600673,84.6227117488161,3.01423935732031,"No","Business",1
"468",14.6567168201116,70.687611005269,2.77806989075183,"Yes","Business",1
"469",9.73387292539293,78.8120403001085,3.60727298027429,"No","Arts",1
"470",8.0110653942357,74.0262813027948,2.5500631705724,"No","Social Science",1
"471",14.2395660762065,57.1492677321658,3.56554736276293,"No","Arts",1
"472",15.585630078141,77.8775527421385,2.05320292300572,"Yes","Business",1
"473",15.0680141216377,84.5883051818237,2.22249790906854,"No","Business",1
"474",8.96136749511973,81.8964141327888,3.53498495085177,"No","STEM",1
"475",12.0280935136976,81.0677899280563,3.16325682101041,"No","Business",1
"476",12.9156183155301,90.9399135503918,3.24091500111887,"Yes","STEM",1
"477",11.6216268111766,47.2810671338812,2.5512014654433,"No","Business",1
"478",10.6289269475665,73.8992066076025,2.28284696183521,"No","Arts",1
"479",19.0957666782278,51.8881137436256,2.60285263758127,"No","STEM",1
"480",15.8457213949488,90.7085632579401,3.28361495269579,"Yes","Business",1
"481",23.1203997378603,82.3372719530016,2.73024901899743,"No","Arts",1
"482",21.0617710849099,62.9270507441834,3.26313617261616,"No","STEM",1
"483",21.9307621684774,64.6026961877942,2.68003668668202,"No","Arts",1
"484",14.6696158614169,67.571814339608,2.62915812540773,"No","Arts",1
"485",6.80448241895501,91.4268093230203,4,"Yes","Business",1
"486",15.1399559185247,89.2082515545189,3.14747201216479,"Yes","Social Science",1
"487",11.5631002254951,63.7202889565378,3.21215718007557,"Yes","STEM",1
"488",21.3249693656162,59.1692557837814,2.00372022689139,"No","Arts",1
"489",18.583695371029,59.646254288964,2.86249225324461,"Yes","STEM",1
"490",11.5783658128145,51.05234304443,3.15524038635377,"Yes","STEM",1
"491",14.0185906892552,92.3877012869343,3.09468169393694,"Yes","Social Science",1
"492",11.9603475479479,46.2003156449646,2.86894754108794,"No","Business",1
"493",20.4700741625756,41.5763154206797,1.78669250755245,"No","STEM",1
"494",15.0816781959742,54.4253031490371,3.642692461714,"Yes","STEM",1
"495",13.7231474637645,63.5288351401687,3.27943500603923,"Yes","Social Science",1
"496",14.0321629369846,96.834699367173,2.91260555648059,"Yes","Arts",1
"497",12.2419811495287,80.3983260365203,2.20920893082722,"No","Business",1
"498",9.52624501748916,72.3712046165019,4,"Yes","Business",1
"499",7.97362408015545,45.9892038628459,2.52970111346158,"Yes","Arts",0
"500",12.4355602417405,94.1797030670568,3.05767451842918,"No","Arts",1
"501",15.7216510407048,90.1887840917334,3.177987443522,"Yes","Business",1
"502",11.8694944643068,98.0132330348715,3.71131449947217,"No","Arts",1
"503",21.7656848560451,80.2161022322252,3.15859473342712,"Yes","Social Science",1
"504",17.7405511148534,59.2824794258922,2.34301744897412,"No","Social Science",1
"505",17.187935042508,63.1619348470122,2.97878333870288,"No","Arts",1
"506",13.4727882749801,71.4612968638539,2.62221508294126,"No","STEM",1
"507",15.639303256551,89.1031997371465,2.47443885646786,"Yes","Business",1
"508",20.973319737901,47.6899803057313,3.62650172363109,"No","Social Science",1
"509",18.250742319792,82.1959047298878,4,"No","Business",1
"510",7.44723991029704,66.6018625162542,2.87207832076377,"No","STEM",1
"511",15.4684485591463,90.0903313606977,3.13550743453063,"Yes","Arts",1
"512",6.7872956906867,45.3006519051269,3.21069387472833,"No","Social Science",1
"513",10.949382396225,76.8475243123248,1.66120017410714,"No","Social Science",1
"514",16.3837295540801,67.2472040308639,3.47793890604524,"No","Arts",1
"515",28.210343362722,88.3826048672199,2.55546399409293,"No","STEM",1
"516",12.5890940259905,48.6790655693039,3.32767607125437,"No","Business",1
"517",15.0239956567933,82.009882540442,3.41261414538794,"No","STEM",1
"518",15.1974094679435,58.6827119812369,2.6309758483393,"Yes","STEM",1
"519",21.7996329200915,66.7688230704516,2.29103603836625,"No","Social Science",1
"520",24.5495605116012,91.7564876796678,2.76687964075757,"No","Business",1
"521",18.6999910414423,57.4071214627475,3.49532096749245,"Yes","STEM",1
"522",13.8099126795564,40.3657231805846,3.34455763851276,"Yes","Arts",1
"523",21.4504738928634,43.8816138869151,3.10385066512943,"No","STEM",1
"524",24.0381963075928,74.5993013959378,2.23139149587226,"No","Social Science",1
"525",17.8473447478079,78.964796490036,3.25103396190475,"Yes","Arts",1
"526",7.37476245585443,89.1496479557827,3.17905840049752,"No","Arts",1
"527",8.32529779554672,43.6438647378236,2.35387762973434,"Yes","Arts",0
"528",2.42044214292742,60.2087232004851,2.40590762547088,"No","STEM",1
"529",10.9326894378915,50.3677221853286,2.63499396928336,"No","STEM",1
"530",5.74043348941184,54.2723606433719,3.22838897813807,"No","STEM",1
"531",30.0999105384141,76.3396675372496,3.7085940245649,"Yes","STEM",1
"532",19.9412393649751,69.8456709040329,2.53955795921385,"No","Social Science",1
"533",15.6072303701146,47.5818457640707,2.67266088991174,"Yes","STEM",1
"534",14.4293857690004,84.7358376299962,2.57888782451507,"Yes","Social Science",1
"535",12.1613897934637,65.657695773989,3.13464761819798,"No","STEM",1
"536",9.30436979983624,49.5905245048925,2.61717974840296,"Yes","Business",1
"537",10.7092407828206,45.4323072684929,2.42450996801233,"No","Social Science",0
"538",15.6375130730163,85.4519394226372,2.42284639579473,"Yes","Arts",1
"539",12.1815552430651,63.3076491765678,3.40570792112018,"No","STEM",1
"540",15.4710852059322,66.5522654820234,3.09099777404631,"No","Business",1
"541",14.2398636375918,59.3026069318876,2.86374059682197,"No","Arts",1
"542",22.2588719487319,45.4155767103657,2.69203670823755,"Yes","STEM",1
"543",23.005330104313,72.330938805826,2.1507774132666,"No","Arts",1
"544",9.56678128409023,94.1503372089937,1.98127517620419,"No","Arts",1
"545",7.1623478062161,77.83190111164,3.08413450982063,"Yes","Social Science",1
"546",9.02211336317822,69.5554365124553,2.28239092147896,"No","Arts",1
"547",15.0892059511439,70.8574184030294,2.03531438124672,"Yes","Business",1
"548",23.6354105586748,50.0908690551296,4,"Yes","Social Science",1
"549",3.05276891140693,60.4204652179033,3.28537587164744,"Yes","Social Science",1
"550",11.7402257170245,86.215719464235,2.90163436724122,"Yes","STEM",1
"551",19.1825253718339,81.1490439856425,3.2579546531011,"No","Social Science",1
"552",19.1923928470784,53.6087154271081,3.31993760735952,"Yes","Social Science",1
"553",14.3161532978438,90.988312070258,3.4816896318234,"No","Arts",1
"554",10.8178486691781,50.4797203792259,3.22401036194002,"No","STEM",1
"555",12.9934471411773,53.7456505512819,2.88723273011029,"No","Business",1
"556",16.7705599994813,83.2917153276503,2.4472204427399,"Yes","Business",1
"557",10.7841868561173,74.882987132296,2.84797833139127,"No","Business",0
"558",19.0053084053008,78.0587552394718,3.48148383146419,"No","Business",1
"559",17.9688983049022,65.9997863601893,2.46080959203252,"No","STEM",1
"560",15.5016698876357,91.9221238372847,3.16373460322061,"No","Social Science",1
"561",18.4847026336032,42.0428956113756,3.8154674077729,"No","STEM",1
"562",24.466654190149,60.4033831367269,2.55841586836382,"No","Social Science",1
"563",20.3241058408476,43.4954232303426,2.28774881844349,"No","Arts",1
"564",7.00275041594323,59.877756042406,3.70031095608579,"Yes","Arts",1
"565",12.1540285383763,70.4915081523359,2.53659863360937,"Yes","Business",1
"566",21.9644965185181,92.670572316274,3.24195732730928,"Yes","Social Science",1
"567",20.9622045325793,89.8319344827905,1.99520479116705,"Yes","Arts",1
"568",12.4734124600739,85.6796400388703,2.95563231207994,"No","Social Science",1
"569",21.2177566523357,60.2926130313426,2.02083269972373,"No","STEM",1
"570",11.4132592820704,67.6416751276702,3.31740369315794,"No","Social Science",1
"571",12.8904925296178,81.2335661333054,2.04329243211267,"No","Arts",1
"572",10.6595922976562,82.1911922562867,3.51713067005287,"Yes","Arts",1
"573",13.5301208353267,95.042823664844,2.68387296786077,"Yes","STEM",1
"574",20.7651036787864,66.5921214036644,3.33814682921182,"No","Social Science",1
"575",11.5943940803542,40.0348575273529,2.256973796482,"No","Arts",1
"576",9.42696472056603,49.2071628803387,3.363024183442,"No","Business",1
"577",22.1223451412738,93.77256244421,3.59367183808071,"No","Arts",1
"578",9.19696573147955,81.3597811246291,2.81224872790649,"Yes","Arts",1
"579",16.9684230820221,70.9768413985148,1.92369031221088,"No","Business",1
"580",18.2632795236565,65.1465446455404,2.40116844056074,"No","Social Science",1
"581",11.2168551525105,75.86293972563,3.39884158707057,"Yes","Arts",1
"582",18.9278137583467,47.4804947525263,2.87983377963563,"Yes","Business",1
"583",22.5858683753198,81.4955344703048,3.4616757456613,"Yes","Arts",1
"584",20.96380159011,62.6668602926657,3.810338130451,"No","Business",1
"585",14.2312200914716,83.9374880492687,3.34553194593731,"No","STEM",1
"586",19.5081196291708,59.6756031177938,2.98692730820645,"No","Arts",1
"587",11.0885556521168,71.4105257904157,2.90085041760816,"No","Business",1
"588",7.18117504721811,84.0857405308634,1.5,"Yes","Business",1
"589",13.9952863561153,71.185486135073,3.08170884050378,"No","STEM",1
"590",10.8428285194734,85.1201763330027,3.25508142645131,"Yes","STEM",1
"591",14.2356712211926,98.627090123482,3.60239795472926,"No","Business",1
"592",16.9015511977736,81.1357145244256,3.07423529264117,"No","Arts",1
"593",4.64509695641866,87.6775554660708,2.40238375800716,"Yes","Social Science",1
"594",10.4638611653465,41.2564688548446,2.58866212221418,"Yes","Arts",1
"595",17.2947005660426,65.555472499691,3.23726539516259,"No","Arts",1
"596",17.3526186733646,71.872143028304,2.89081205434982,"Yes","Social Science",1
"597",14.7779140771244,77.6092252507806,3.83628769226739,"Yes","Social Science",1
"598",15.6372702164577,62.7898091077805,2.09699583796835,"Yes","STEM",1
"599",12.2430097508322,65.1336625823751,3.61963686124289,"No","Social Science",1
"600",13.4551267542816,65.4660054203123,4,"Yes","Social Science",1
"601",17.5960620015268,82.8687465423718,3.03296697163206,"Yes","Social Science",1
"602",12.4661647926752,97.9016166366637,3.34112835706449,"Yes","Business",1
"603",13.5569873511671,81.1597305350006,3.05198043266222,"Yes","Business",1
"604",6.9423146924922,54.6777606522664,3.0204993199335,"No","Social Science",0
"605",16.9868364430911,62.048676032573,2.68886074590071,"Yes","Social Science",1
"606",15.5763048996257,67.8787288581952,2.16615490567822,"Yes","Business",1
"607",1.93436170131169,63.2113723596558,2.71309005958944,"Yes","STEM",1
"608",11.3932540874349,92.9919047700241,1.79099782091821,"Yes","Social Science",1
"609",15.4380143367809,47.8684509312734,2.85499232819299,"No","Arts",1
"610",18.5555359020619,85.4705689568073,3.37821024061363,"No","Arts",1
"611",22.7386305618386,71.3779386552051,2.46199281889711,"No","STEM",1
"612",20.7522740419317,65.8272802829742,2.69148817698522,"Yes","Arts",1
"613",14.7802329535006,78.5718066990376,2.91057844251037,"No","Business",1
"614",8.56812521427981,76.1721431463957,3.21858404417808,"Yes","Business",1
"615",11.7097723819857,66.2417393410578,3.38903088299848,"Yes","STEM",1
"616",13.8607537276666,97.8321521729231,3.26136233438203,"No","STEM",1
"617",14.6196841380292,74.5409587258473,3.96484405089955,"Yes","STEM",1
"618",9.27152060800262,52.8157777618617,3.53277203874092,"Yes","Business",1
"619",18.2564148272774,43.8642102619633,2.53955250335936,"No","STEM",1
"620",15.8025495931699,75.6949903303757,3.64000298084462,"No","Business",1
"621",11.7959535431659,40.7204925827682,2.79013556592559,"No","Arts",1
"622",21.1353182692768,71.7866763519123,2.58979642353919,"No","Arts",1
"623",19.1481024429368,58.4510043961927,2.86898634832052,"No","Social Science",1
"624",8.29024140031193,40.3674625791609,3.57019965573546,"No","Arts",1
"625",19.1638713610709,52.4647733848542,2.28998931312631,"Yes","STEM",1
"626",14.0603136011991,82.4542423477396,2.38516246403979,"No","STEM",1
"627",11.8335031468877,86.0363039327785,3.00077667253405,"No","Arts",1
"628",21.4689368992453,81.2966642761603,3.19234270076346,"No","STEM",1
"629",15.6150675121349,77.7152832038701,3.60253232000852,"Yes","STEM",1
"630",13.335085390626,63.0249329051003,2.65805918659688,"No","Business",1
"631",4.25011248015053,91.4169157994911,2.99985686756953,"No","Social Science",1
"632",8.93388092302023,76.436288417317,2.82818152894081,"Yes","STEM",1
"633",24.0313994914746,78.2739251339808,2.78392027473611,"Yes","Social Science",1
"634",17.1289568707298,43.8194450875744,2.67479025667182,"No","Business",1
"635",11.3871204063352,96.7582009639591,3.24472897741251,"No","Social Science",1
"636",11.5959237322652,60.3957949019969,2.75963355693057,"No","Arts",1
"637",14.526732754204,87.6532584801316,4,"No","Social Science",1
"638",10.6753243744544,90.7846367824823,2.73524047623964,"No","Business",1
"639",16.109530109253,93.6483983928338,3.13643844731695,"Yes","Arts",1
"640",15.7280643797613,76.0255601303652,2.58144265009028,"No","Social Science",1
"641",15.1890091017948,78.0272931512445,3.58636158207331,"No","Business",1
"642",11.9867336086475,96.5265838615596,2.9764952206453,"No","Arts",1
"643",22.3949587976928,56.9978522136807,2.98460165631094,"Yes","STEM",1
"644",11.9053088734985,72.344832229428,3.21070759932481,"Yes","STEM",1
"645",11.2002794266726,60.0410309340805,2.13970765721732,"No","Social Science",1
"646",10.9660713295469,68.324838289991,2.84337814755568,"No","Social Science",1
"647",21.3741544701697,98.7178856506944,2.3462997362192,"No","Arts",1
"648",27.2539912547305,41.875780201517,2.72240352806415,"No","Social Science",1
"649",18.4727369975947,46.8750758934766,2.72599561160596,"No","STEM",1
"650",13.303190751814,97.5705621670932,2.44933918955099,"No","Business",1
"651",6.87653538780866,64.1111829644069,3.0124148268663,"Yes","STEM",1
"652",9.41704658363426,40.8718408085406,3.56381051256983,"No","Social Science",1
"653",14.3236041411984,80.8084578253329,3.72332996788452,"No","Business",1
"654",12.0319358309968,75.0983285764232,1.7808304753711,"Yes","Business",1
"655",10.8438856926684,79.5450355671346,3.2416941166544,"Yes","Business",1
"656",15.4995112900586,89.5459840260446,3.31318364360908,"No","Business",1
"657",17.6523493434269,88.8593519153073,4,"No","Social Science",1
"658",12.2200011207579,79.338530311361,2.68177150667767,"Yes","Business",1
"659",0.678298906437146,49.9309209967032,3.00104868187902,"No","STEM",0
"660",11.0354478211643,99.0420601982623,3.34323237625512,"Yes","STEM",1
"661",7.32610905242808,78.039645771496,3.34148178936584,"No","STEM",1
"662",6.00696903934186,52.2040366986766,1.93291070728057,"No","Business",0
"663",15.0746430365183,55.7690422423184,2.67072266390534,"No","Arts",1
"664",11.6384109842954,70.1454049535096,3.11203830534369,"No","Social Science",1
"665",15.998448377089,60.1374297775328,2.21041088732714,"No","Social Science",1
"666",17.4568751245045,45.979994260706,2.90728213449068,"No","Social Science",1
"667",13.0204943634555,42.1598644554615,3.35132948032574,"No","Arts",1
"668",17.4688898517837,63.0575698008761,2.53872873601654,"No","STEM",1
"669",9.2246188441672,57.1414335304871,3.0113637234996,"No","Social Science",1
"670",16.1826205777751,87.9897936386988,3.07350510867873,"Yes","Arts",1
"671",13.3371739195288,52.5821793871,3.75847692955686,"No","Arts",1
"672",19.0107789965912,55.6089815730229,3.90386960282426,"No","Social Science",1
"673",16.1526292296544,67.8966567013413,3.0614220415286,"Yes","Social Science",1
"674",19.9693530196939,87.8042131895199,2.38227474662897,"Yes","Arts",1
"675",19.0731964900884,42.5693668331951,3.21049303669784,"Yes","Business",1
"676",21.4445713438533,54.3331856839359,3.04999249809413,"No","Arts",1
"677",17.9573058612113,98.7765082903206,2.94106576851164,"No","Business",1
"678",12.2884085641277,66.9836258515716,3.17989502495818,"Yes","Social Science",1
"679",18.9210627024677,45.7116197468713,3.9049885311629,"No","Arts",1
"680",16.0329323289213,69.1467189881951,3.96022483823242,"No","Social Science",1
"681",9.20446775421834,40.1050284039229,3.01567794240286,"No","Arts",1
"682",20.2512797983661,99.5888907555491,2.72149715315106,"No","STEM",1
"683",14.1440066320455,68.1713709095493,3.42509498351028,"Yes","STEM",1
"684",13.2148205577043,66.2397074140608,3.21786109263728,"Yes","STEM",1
"685",18.2961917074138,65.3859479073435,2.5669796737797,"Yes","Arts",1
"686",5.50844650337522,94.0189672913402,3.91930146373733,"Yes","Social Science",1
"687",14.6923085685502,45.3487449744716,2.91075201413861,"No","Social Science",1
"688",20.7567804141734,56.1831342289224,2.48590229392334,"Yes","Social Science",1
"689",18.7738451756824,43.9329907344654,2.65231481891533,"No","Social Science",1
"690",18.0879323121455,64.2434459878132,2.23790598049665,"No","Arts",1
"691",19.7968871067919,62.458723122254,3.62123584021625,"No","Social Science",1
"692",11.155039074397,41.7677930556238,2.82994603160195,"No","STEM",1
"693",19.3408156180219,79.119947780855,4,"Yes","Business",1
"694",14.4474735410447,58.8310435740277,3.87261055741575,"No","Business",1
"695",19.3785904073015,49.4909695535898,3.59946396335492,"No","Social Science",1
"696",17.6107623738287,82.3719227686524,3.57027182743735,"Yes","Arts",1
"697",18.233387911608,53.4536186605692,2.6329666060278,"No","Business",1
"698",22.9472908976589,61.2073389394209,3.31149907779676,"Yes","Arts",1
"699",19.2779391219191,53.102043797262,2.64787242465343,"No","STEM",1
"700",17.4479945765645,92.8076486475766,2.89273731794922,"No","Business",1
"701",15.6128264099339,78.5196531983092,3.25140392398227,"Yes","STEM",1
"702",15.2794330511478,70.368007668294,3.32779431335368,"No","Arts",1
"703",12.9210598045318,89.4160857889801,3.18964196136843,"No","Arts",1
"704",24.6340012788953,41.0654607601464,3.62552633578916,"No","Arts",1
"705",25.173778767758,47.6732164854184,2.85277069007431,"No","STEM",1
"706",17.5929838485596,80.167471980676,2.88056249002761,"No","Business",1
"707",21.4427825486366,63.4682494448498,3.3214722351194,"Yes","Business",1
"708",7.56646434505834,74.0228909906,2.89054108910088,"No","STEM",1
"709",12.7119901353837,81.5565521130338,3.4644040363398,"Yes","Business",1
"710",9.81945085917002,55.2340716868639,2.78641724510539,"No","STEM",1
"711",19.0746500915943,69.9405345181003,2.1965233511762,"No","STEM",1
"712",9.78726677157522,57.2486783470958,1.74947852085377,"Yes","Business",1
"713",13.9197618052836,84.5238363463432,3.3489098249305,"No","STEM",1
"714",12.5930755316529,62.6786607690156,2.16536834292717,"No","Business",0
"715",19.6224685054506,92.2228061035275,2.89570680812909,"Yes","Social Science",1
"716",15.3420978640991,76.7076130816713,3.32271080932711,"No","Business",1
"717",18.6327991957685,63.9328950364143,3.16790517458284,"No","Social Science",1
"718",13.2224720032474,83.749171118252,2.0690134288712,"Yes","Social Science",1
"719",17.5452690361647,60.5769483093172,3.3878532649954,"No","Arts",1
"720",8.24322922828448,92.2430295543745,3.41000751390989,"No","Arts",1
"721",12.1001889285514,63.137984815985,3.58294210589938,"Yes","Arts",1
"722",14.9483512264298,88.6607982497662,2.74210738872836,"No","Business",1
"723",19.3919001635783,50.9288790216669,2.81931627414569,"No","STEM",1
"724",9.2092190061928,84.6074691461399,2.64898962571726,"No","Business",1
"725",13.8703265085856,68.874042420648,3.10789076190252,"No","Arts",1
"726",12.8266824426561,74.1840726835653,2.94262926275164,"Yes","Social Science",1
"727",9.1493712865932,49.2165995202959,2.14472619099564,"Yes","Social Science",1
"728",17.0220240443121,56.8987339595333,4,"No","STEM",1
"729",19.4183779563249,61.3883916661143,3.78426134051095,"Yes","Social Science",1
"730",15.5249949308179,98.1193679058924,3.80482740367146,"Yes","STEM",1
"731",11.4879670517355,99.7160853119567,2.22333810773385,"No","STEM",1
"732",10.9736705121287,82.6853256346658,3.03739805294275,"Yes","STEM",1
"733",16.7241745764892,78.4780387254432,2.55973282976692,"Yes","Arts",1
"734",5.4236165824624,99.5822948403656,2.83990178921417,"No","Arts",1
"735",20.1349970523947,93.6270664772019,3.3721614321206,"No","STEM",1
"736",12.4662101190988,93.109708703123,3.21558269499255,"Yes","Arts",1
"737",14.5086115906032,84.6094551682472,3.19085667078701,"No","Arts",1
"738",24.5469930836909,93.4113215981051,2.631901071899,"No","Arts",1
"739",19.6680879569017,76.1160637997091,2.72747704986573,"No","Business",1
"740",23.4958285411093,84.3587563140318,2.94157838049404,"Yes","Business",1
"741",13.3252216506891,97.3079747287557,3.13460833798735,"Yes","STEM",1
"742",18.8187929097688,86.8850453617051,1.89228549043071,"Yes","Arts",1
"743",23.0990417247882,83.9426410617307,3.33213880319954,"No","Arts",1
"744",8.0736367833341,51.5605349978432,3.49414887519264,"Yes","Business",1
"745",9.87383965615738,77.9078393103555,2.37243874470287,"No","STEM",1
"746",8.08232224596199,81.3529384322464,3.19065204177277,"No","Arts",1
"747",13.029832578201,75.5473168706521,3.52266206093893,"Yes","Arts",1
"748",22.3329613384708,92.7057471964508,2.81524838281259,"Yes","STEM",1
"749",25.8646909294612,90.0825461512432,3.68963636011701,"No","Business",1
"750",20.9687686984462,90.3349060332403,3.20408925577125,"Yes","STEM",1
"751",14.4368650795576,76.0438766144216,2.50401801098899,"Yes","Arts",1
"752",14.8475943232307,92.00096283108,2.59296383710562,"No","Social Science",1
"753",20.6085876193211,52.3673591576517,2.87650451817187,"No","Arts",1
"754",4.87578926461995,77.6914363959804,2.66283622004727,"No","Social Science",1
"755",9.98540228459547,95.0771709019318,3.34122394709945,"Yes","STEM",1
"756",17.3920323752981,73.6075903335586,2.72131875699271,"No","STEM",1
"757",20.4079612545774,42.8691001283005,2.59847841181745,"Yes","STEM",1
"758",21.1464530957829,51.8045092606917,2.50324167094552,"Yes","Business",1
"759",12.0986054974576,40.1773291639984,3.42152747168583,"Yes","Social Science",0
"760",8.8780239784107,56.885624146089,3.46118915101606,"Yes","STEM",1
"761",15.1610853681465,59.6059187268838,2.96712507143483,"Yes","Arts",1
"762",10.0524693938975,48.1914774235338,3.65544138345047,"Yes","Business",1
"763",20.8875758259775,57.5407107826322,2.15858793176251,"No","Arts",1
"764",5.32886802681444,59.0226417547092,3.04974708385049,"No","Business",1
"765",14.2900586061546,55.4691647505388,3.13695950965305,"Yes","Arts",1
"766",18.7507786874119,93.7506820447743,3.22667717245677,"No","Arts",1
"767",14.1543359496957,41.6989464359358,3.84718361986717,"No","STEM",1
"768",0,96.8300005700439,3.12796929675975,"Yes","Arts",1
"769",10.0210641731514,64.2540939664468,3.45627948959716,"No","STEM",1
"770",14.7139762206021,91.8943660194054,2.67117099949735,"No","Business",1
"771",16.926572772375,40.0751108350232,3.25304722833846,"No","Social Science",1
"772",16.8543317860484,76.7810903815553,2.01081922165155,"Yes","STEM",1
"773",15.0960075796934,59.6803722111508,3.72715220225167,"No","STEM",1
"774",20.5072217191852,44.1592119587585,2.67536285967014,"No","Social Science",1
"775",22.3600690211232,98.2828669855371,4,"No","Arts",1
"776",10.2413419261843,80.0106866238639,2.34893482188018,"Yes","Arts",1
"777",9.64652505379237,63.34569492843,2.55864997531951,"No","STEM",1
"778",11.4297418150907,60.8740782970563,2.25985556218782,"Yes","Social Science",1
"779",16.9960578897346,78.4286368498579,3.80234913101167,"No","Business",1
"780",21.9271181271425,42.6723586302251,2.92236530820156,"No","Social Science",1
"781",16.6855461661444,88.3729835879058,3.40622655655732,"No","Social Science",1
"782",15.9432265289138,88.8845044979826,3.39593018580946,"No","Social Science",1
"783",16.5464564220465,90.3136293962598,2.58640537895791,"No","STEM",1
"784",10.3707317385738,72.9716531885788,2.75613557973444,"Yes","Business",1
"785",7.75033494788826,53.9329262683168,2.91796141263288,"Yes","STEM",1
"786",19.7994996475171,41.049532671459,3.53242220924137,"Yes","Arts",1
"787",14.7411773881519,59.2830931069329,3.61297708662516,"No","Arts",1
"788",16.9715894585796,70.4373119678348,2.97319774609449,"Yes","Business",1
"789",5.56526271830301,95.8572734706104,3.66056633188591,"No","STEM",1
"790",12.3333820017382,73.3971189567819,2.6105183847036,"No","Arts",1
"791",6.76850087397316,82.8151314193383,2.46578957886301,"No","Arts",1
"792",14.9529660964914,69.1272152354941,3.47002722001219,"No","STEM",1
"793",12.0457447535591,65.5204176763073,3.7001928998852,"No","Business",1
"794",8.77409290873633,42.6901546679437,3.48884499588341,"Yes","Social Science",1
"795",13.9672262225098,68.8040828658268,3.00431959825944,"No","Social Science",1
"796",16.384305302796,94.6745600970462,3.52791237458776,"No","Arts",1
"797",17.3024255446694,79.4540394609794,3.32887436996793,"Yes","Social Science",1
"798",22.0793125052831,67.4669319065288,2.65684978551582,"Yes","Arts",1
"799",12.5977820286939,87.0671680243686,2.15854746329458,"Yes","Social Science",1
"800",15.0405402777282,80.7864586543292,3.38944765317232,"Yes","Arts",1
